{
  "fitness": 500.0,
  "hidden_count": 1,
  "passes": 4,
  "sources": [
    [
      1,
      2,
      2
    ],
    [
      6,
      3,
      2
    ],
    [
      4,
      3,
      2
    ]
  ],
  "weights": [
    [
      -0.24128853802432154,
      0.6467577229851149,
      -0.7367495555097192
    ],
    [
      -0.030379728126523346,
      0.3830564957668025,
      1.1218698810699732
    ],
    [
      -0.06189135659290214,
      0.08131583290903216,
      0.011197419240158487
    ]
  ]
}
