seed,return,length,action_one_rate,action_switch_rate
1000,500.0,500,0.5,0.5811623246492986
1001,500.0,500,0.5,0.6232464929859719
1002,407.0,407,0.4987714987714988,0.6699507389162561
