{
  "episode_id": 11,
  "step_index": 142,
  "recorded_observation": [
    0.7112395763397217,
    1.574414610862732,
    -0.09965533763170242,
    -1.8844178915023804
  ],
  "action": 0,
  "recorded_next_observation": [
    0.7427278757095337,
    1.3805081844329834,
    -0.13734370470046997,
    -1.6242516040802002
  ],
  "predicted_next_observation": [
    0.7427266954883402,
    1.3805037637906654,
    -0.13731768538503325,
    -1.6241485667608273
  ],
  "per_dim_abs_error": [
    1.180221193441966e-06,
    4.42064231798156e-06,
    2.6019315436720536e-05,
    0.00010303731937288951
  ],
  "max_abs_error": 0.00010303731937288951,
  "recorded_done": false,
  "predicted_done": false
}
